file	percent	reads	taxon_id	taxon_name
ERR10036469.out	35.176537	58452649	2283796	Candidatus Thermoplasmatota
ERR10036469.out	25.390116	42190610	1224	Proteobacteria
ERR10036469.out	21.866228	36334983	201174	Actinobacteria
ERR10036469.out	0.561472	932995	1239	Firmicutes
ERR10036469.out	0.234248	389249	28890	Euryarchaeota
ERR10036469.out	0.148526	246804	28889	Crenarchaeota
ERR10036469.out	0.131652	218765	976	Bacteroidetes
ERR10036469.out	0.115625	192133	1117	Cyanobacteria
ERR10036469.out	0.080039	133001	1801631	Candidatus Micrarchaeota
ERR10036469.out	0.079054	131363	4890	Ascomycota
ERR10036469.out	0.078324	130151	200795	Chloroflexi
ERR10036469.out	0.051180	85045	203682	Planctomycetes
ERR10036469.out	0.045058	74872	5204	Basidiomycota
ERR10036469.out	0.042467	70567	1978152	Candidatus Marsarchaeota
ERR10036469.out	0.042321	70325	57723	Acidobacteria
ERR10036469.out	0.034051	56583	928852	Candidatus Bathyarchaeota
ERR10036469.out	0.033523	55705	40117	Nitrospirae
ERR10036469.out	0.023838	39611	1752739	Candidatus Jorgensenbacteria
ERR10036469.out	0.022635	37613	74201	Verrucomicrobia
ERR10036469.out	0.022611	37572	651137	Thaumarchaeota
ERR10036469.out	0.016866	28026	200918	Thermotogae
ERR10036469.out	0.016524	27458	3041	Chlorophyta
ERR10036469.out	0.016317	27114	1913637	Mucoromycota
ERR10036469.out	0.013616	22626	67817	Candidatus Aminicenantes
ERR10036469.out	0.013242	22004	32066	Fusobacteria
ERR10036469.out	0.013207	21946	204428	Chlamydiae
ERR10036469.out	0.012434	20661	203691	Spirochaetes
ERR10036469.out	0.012429	20654	142182	Gemmatimonadetes
ERR10036469.out	0.010852	18033	1752708	Candidatus Rokubacteria
ERR10036469.out	0.010146	16859	1462422	Candidatus Parvarchaeota
ERR10036469.out	0.010040	16683	1297	Deinococcus-Thermus
ERR10036469.out	0.009952	16538	1090	Chlorobi
ERR10036469.out	0.009747	16197	5878	Ciliophora
ERR10036469.out	0.008606	14300	1655434	Candidatus Lokiarchaeota
ERR10036469.out	0.008044	13366	2582935	Candidatus Altiarchaeota
ERR10036469.out	0.007398	12293	200783	Aquificae
ERR10036469.out	0.007117	11826	2605435	Evosea
ERR10036469.out	0.007055	11724	5794	Apicomplexa
ERR10036469.out	0.006023	10009	4761	Chytridiomycota
ERR10036469.out	0.005869	9753	1752720	Candidatus Gottesmanbacteria
ERR10036469.out	0.005743	9543	544448	Tenericutes
ERR10036469.out	0.005268	8753	4762	Oomycota
ERR10036469.out	0.004959	8240	1134404	Ignavibacteriae
ERR10036469.out	0.004883	8114	555280	Discosea
ERR10036469.out	0.004764	7917	33682	Euglenozoa
ERR10036469.out	0.004705	7818	1801616	Candidatus Woesearchaeota
ERR10036469.out	0.004382	7282	1817803	Candidatus Fischerbacteria
ERR10036469.out	0.004040	6713	1379697	candidate division Zixibacteria
ERR10036469.out	0.003817	6342	1798710	Candidatus Melainabacteria
ERR10036469.out	0.003669	6097	1936987	Balneolaeota
ERR10036469.out	0.003579	5948	1706441	Candidatus Thorarchaeota
ERR10036469.out	0.003341	5551	67812	Candidatus Omnitrophica
ERR10036469.out	0.003279	5448	74152	Elusimicrobia
ERR10036469.out	0.003273	5438	65842	Fibrobacteres
ERR10036469.out	0.003079	5117	1618330	Candidatus Berkelbacteria
ERR10036469.out	0.003037	5047	2763	Rhodophyta
ERR10036469.out	0.002985	4960	1913638	Zoopagomycota
ERR10036469.out	0.002848	4733	2052312	Candidatus Dormibacteraeota
ERR10036469.out	0.002764	4593	1930617	Calditrichaeota
ERR10036469.out	0.002694	4476	67819	Armatimonadetes
ERR10036469.out	0.002658	4416	192989	Nanoarchaeota
ERR10036469.out	0.002607	4332	508458	Synergistetes
ERR10036469.out	0.002403	3993	1619053	Candidatus Peregrinibacteria
ERR10036469.out	0.002269	3771	1752723	Candidatus Roizmanbacteria
ERR10036469.out	0.002158	3586	62680	Candidatus Marinimicrobia
ERR10036469.out	0.002126	3532	2836	Bacillariophyta
ERR10036469.out	0.002027	3368	256845	Lentisphaerae
ERR10036469.out	0.001873	3113	221216	Candidatus Parcubacteria
ERR10036469.out	0.001571	2610	200940	Thermodesulfobacteria
ERR10036469.out	0.001517	2521	5719	Parabasalia
ERR10036469.out	0.001502	2496	1752721	Candidatus Shapirobacteria
ERR10036469.out	0.001466	2436	743724	Candidatus Aenigmarchaeota
ERR10036469.out	0.001303	2166	51967	Candidatus Korarchaeota
ERR10036469.out	0.001293	2148	6029	Microsporidia
ERR10036469.out	0.001266	2103	456828	Candidatus Cloacimonetes
ERR10036469.out	0.001258	2090	1817797	Candidatus Coatesbacteria
ERR10036469.out	0.001196	1987	5752	Heterolobosea
ERR10036469.out	0.001169	1942	68297	Dictyoglomi
ERR10036469.out	0.001125	1869	95818	Candidatus Saccharibacteria
ERR10036469.out	0.001116	1855	200930	Deferribacteres
ERR10036469.out	0.001088	1808	1752722	Candidatus Woesebacteria
ERR10036469.out	0.001083	1800	265317	Candidatus Poribacteria
ERR10036469.out	0.001056	1754	1817911	Candidatus Nealsonbacteria
ERR10036469.out	0.000984	1635	640293	candidate division NC10
ERR10036469.out	0.000983	1634	1752716	Candidatus Dadabacteria
ERR10036469.out	0.000962	1599	1935021	Candidatus Geothermarchaeota
ERR10036469.out	0.000957	1591	74015	Candidatus Latescibacteria
ERR10036469.out	0.000954	1585	1130266	Candidatus Hydrothermae
ERR10036469.out	0.000913	1517	1936272	Candidatus Heimdallarchaeota
ERR10036469.out	0.000905	1504	1752731	Candidatus Magasanikbacteria
ERR10036469.out	0.000881	1464	2498705	Candidatus Cryosericota
ERR10036469.out	0.000824	1370	743725	Candidatus Diapherotrites
ERR10036469.out	0.000804	1336	2608109	Haptista
ERR10036469.out	0.000779	1295	200938	Chrysiogenetes
ERR10036469.out	0.000777	1291	1752728	Candidatus Falkowbacteria
ERR10036469.out	0.000770	1280	1293497	Nitrospinae
ERR10036469.out	0.000762	1267	1752718	Candidatus Daviesbacteria
ERR10036469.out	0.000753	1252	142187	Candidatus Hydrogenedentes
ERR10036469.out	0.000739	1228	67810	Candidatus Bipolaricaulota
ERR10036469.out	0.000712	1183	422282	candidate division WWE3
ERR10036469.out	0.000678	1127	67814	Caldiserica
ERR10036469.out	0.000676	1123	1752737	Candidatus Moranbacteria
ERR10036469.out	0.000669	1112	200295	Candidatus Sumerlaeota
ERR10036469.out	0.000641	1065	1819803	Candidatus Desantisbacteria
ERR10036469.out	0.000628	1044	1817801	Candidatus Eisenbacteria
ERR10036469.out	0.000623	1036	1752724	Candidatus Pacebacteria
ERR10036469.out	0.000552	918	29178	Foraminifera
ERR10036469.out	0.000552	918	1052815	Candidatus Aerophobetes
ERR10036469.out	0.000545	906	1935019	Candidatus Hydrothermarchaeota
ERR10036469.out	0.000544	904	451459	Blastocladiomycota
ERR10036469.out	0.000538	894	1855361	Candidatus Kryptonia
ERR10036469.out	0.000532	884	1703755	candidate division WOR-3
ERR10036469.out	0.000507	843	1802339	Candidatus Tectomicrobia
ERR10036469.out	0.000495	823	1915410	Candidatus Verstraetearchaeota
ERR10036469.out	0.000494	821	1752732	Candidatus Uhrbacteria
ERR10036469.out	0.000473	786	2604748	Endomyxa
ERR10036469.out	0.000462	768	1752733	Candidatus Yanofskybacteria
ERR10036469.out	0.000397	660	207245	Fornicata
ERR10036469.out	0.000367	610	2138240	Coprothermobacterota
ERR10036469.out	0.000362	602	1752729	Candidatus Nomurabacteria
ERR10036469.out	0.000351	583	2497438	Perkinsozoa
ERR10036469.out	0.000341	567	67818	Atribacterota
ERR10036469.out	0.000329	546	1031332	Cryptomycota
ERR10036469.out	0.000321	533	2013583	Candidatus Goldbacteria
ERR10036469.out	0.000317	526	1817913	Candidatus Portnoybacteria
ERR10036469.out	0.000311	516	1752734	Candidatus Kaiserbacteria
ERR10036469.out	0.000301	500	1817811	Candidatus Schekmanbacteria
ERR10036469.out	0.000292	486	1817808	Candidatus Margulisbacteria
ERR10036469.out	0.000291	484	1817924	Candidatus Yonathbacteria
ERR10036469.out	0.000289	481	1817903	Candidatus Buchananbacteria
ERR10036469.out	0.000289	481	1817916	Candidatus Staskawiczbacteria
ERR10036469.out	0.000271	450	1936271	Candidatus Odinarchaeota
ERR10036469.out	0.000261	434	1817902	Candidatus Brennerbacteria
ERR10036469.out	0.000259	431	1853220	Rhodothermaeota
ERR10036469.out	0.000245	407	555369	Tubulinea
ERR10036469.out	0.000242	402	136419	Cercozoa
ERR10036469.out	0.000220	366	1817907	Candidatus Kerfeldbacteria
ERR10036469.out	0.000203	337	363464	Candidatus Gracilibacteria
ERR10036469.out	0.000203	337	1817799	Candidatus Doudnabacteria
ERR10036469.out	0.000200	333	134625	Kiritimatiellaeota
ERR10036469.out	0.000193	320	1817802	Candidatus Firestonebacteria
ERR10036469.out	0.000192	319	1752719	Candidatus Levybacteria
ERR10036469.out	0.000191	317	1817899	Candidatus Woykebacteria
ERR10036469.out	0.000176	292	1817800	Candidatus Edwardsbacteria
ERR10036469.out	0.000167	277	1817904	Candidatus Colwellbacteria
ERR10036469.out	0.000155	258	2662611	Preaxostyla
ERR10036469.out	0.000145	241	1817923	Candidatus Wildermuthbacteria
ERR10036469.out	0.000134	223	1817804	Candidatus Fraserbacteria
ERR10036469.out	0.000127	211	1752725	Candidatus Collierbacteria
ERR10036469.out	0.000123	205	1817810	Candidatus Riflebacteria
ERR10036469.out	0.000111	184	1752738	Candidatus Giovannonibacteria
ERR10036469.out	0.000110	182	1729712	Candidatus Fermentibacteria
ERR10036469.out	0.000109	181	1462430	Candidatus Nanohaloarchaeota
ERR10036469.out	0.000107	177	2798537	Candidatus Blackallbacteria
ERR10036469.out	0.000104	172	1154676	Candidatus Eremiobacteraeota
ERR10036469.out	0.000096	160	1752730	Candidatus Amesbacteria
ERR10036469.out	0.000090	149	1662329	Candidatus Kapabacteria
ERR10036469.out	0.000090	149	2093358	Candidatus Abyssubacteria
ERR10036469.out	0.000089	148	1752740	Candidatus Kuenenbacteria
ERR10036469.out	0.000089	148	1817918	Candidatus Tagabacteria
ERR10036469.out	0.000079	132	1817917	Candidatus Sungbacteria
ERR10036469.out	0.000072	120	67820	Candidatus Microgenomates
ERR10036469.out	0.000072	119	1817919	Candidatus Taylorbacteria
ERR10036469.out	0.000071	118	1817807	Candidatus Lindowbacteria
ERR10036469.out	0.000070	117	1817806	Candidatus Handelsmanbacteria
ERR10036469.out	0.000070	116	2202805	Olpidiomycota
ERR10036469.out	0.000069	114	1817812	Candidatus Wallbacteria
ERR10036469.out	0.000063	104	1752736	Candidatus Adlerbacteria
ERR10036469.out	0.000061	101	1817910	Candidatus Lloydbacteria
ERR10036469.out	0.000057	94	221235	Candidatus Absconditabacteria
ERR10036469.out	0.000057	94	1752735	Candidatus Wolfebacteria
ERR10036469.out	0.000055	91	2798536	Candidatus Gribaldobacteria
ERR10036469.out	0.000054	89	2109258	Abditibacteriota
ERR10036469.out	0.000051	85	1817798	Candidatus Delongbacteria
ERR10036469.out	0.000046	76	1618339	candidate division CPR2
ERR10036469.out	0.000046	76	1817809	Candidatus Raymondbacteria
ERR10036469.out	0.000042	69	1752741	Candidatus Azambacteria
ERR10036469.out	0.000039	65	1817908	Candidatus Komeilibacteria
ERR10036469.out	0.000037	62	1752717	Candidatus Curtissbacteria
ERR10036469.out	0.000036	59	1817914	Candidatus Ryanbacteria
ERR10036469.out	0.000033	55	1817920	Candidatus Terrybacteria
ERR10036469.out	0.000031	52	1817805	Candidatus Glassbacteria
ERR10036469.out	0.000030	50	2093364	Candidatus Aureabacteria
ERR10036469.out	0.000029	48	1817912	Candidatus Niyogibacteria
ERR10036469.out	0.000026	43	1817905	Candidatus Harrisonbacteria
ERR10036469.out	0.000026	43	2576005	candidate division LCP-89
ERR10036469.out	0.000025	42	1817898	Candidatus Blackburnbacteria
ERR10036469.out	0.000025	42	1817900	Candidatus Chisholmbacteria
ERR10036469.out	0.000025	42	1817909	Candidatus Liptonbacteria
ERR10036469.out	0.000025	41	1752726	Candidatus Beckwithbacteria
ERR10036469.out	0.000025	41	1817925	Candidatus Zambryskibacteria
ERR10036469.out	0.000021	35	1752727	Candidatus Campbellbacteria
ERR10036469.out	0.000019	31	2767197	Candidatus Muirbacteria
ERR10036469.out	0.000018	30	1817926	Candidatus Wirthbacteria
ERR10036469.out	0.000017	29	1736114	Imbricatea
ERR10036469.out	0.000017	29	1817915	Candidatus Spechtbacteria
ERR10036469.out	0.000015	25	1817906	Candidatus Jacksonbacteria
ERR10036469.out	0.000014	23	2703810	Candidatus Mcinerneyibacteriota
ERR10036469.out	0.000013	21	1704031	candidate division KD3-62
ERR10036469.out	0.000012	20	1618338	candidate division CPR1
ERR10036469.out	0.000010	17	1817901	Candidatus Andersenbacteria
ERR10036469.out	0.000008	14	1817922	Candidatus Vogelbacteria
ERR10036469.out	0.000008	14	2546568	Candidatus Nezhaarchaeota
ERR10036469.out	0.000006	10	1817796	Candidatus Abawacabacteria
ERR10036469.out	0.000004	7	1618340	candidate division CPR3
ERR10036469.out	0.000002	4	2301208	Candidatus Cerribacteria
ERR10036469.out	0.000002	4	2582950	Candidatus Huberarchaea
ERR10036469.out	0.089631	148940	10239	Viruses
ERR10036469.out	0.802859	1334107	NA	cannot be assigned to a (non-viral) phylum
ERR10036469.out	14.563322	24199788	NA	unclassified
