"","bins","Sample_ERR10036468","Sample_ERR10036469","Sample_ERR10036470","log10_Sample_ERR10036468","log10_Sample_ERR10036469","log10_Sample_ERR10036470","total_length","num_contigs","N50","GC_content","percent_completion","percent_redundancy","t_domain","t_phylum","t_class","t_order","t_family","t_genus","t_species","MAG_quality","phylum","genus","highlight"
"1","SC_Bin_00021",2.63088815785215,6.20900185003217,0,0.420102386109239,0.793021789248245,-Inf,772419,194,5325,29.8276882033548,77.4647887323944,5.63380281690141,"","","","","","","","Low",NA,"",""
"2","SC_Bin_00022",47.3572650951073,45.9979502686299,0.0821426929314659,1.67538661372332,1.66273847935859,-1.08543106352151,5741728,585,17361,64.4590866192258,73.2394366197183,4.22535211267606,"Bacteria","Actinobacteriota","Actinomycetia","Mycobacteriales","Mycobacteriaceae","Mycobacterium","","Low","Actinobacteriota","",""
"3","SC_Bin_00023",10.1513286649438,0.0275220617132513,0.00178637354261692,1.00652288895752,-1.56031903565636,-2.74802772207979,1007628,658,1520,44.3957073618168,66.1971830985916,2.8169014084507,"Bacteria","Proteobacteria","Gammaproteobacteria","Pseudomonadales","Moraxellaceae","Moraxella","","Low","Proteobacteria","",""
"4","SC_Bin_00024",4.0523730724129,3.99464629628146,0.000200338170832365,0.607709420852086,0.601478330990757,-3.69823629582622,1497468,715,2359,44.5928851563409,67.1052631578947,3.94736842105263,"Archaea","Thermoplasmatota","Thermoplasmata","Thermoplasmatales","Thermoplasmataceae","B-DKE","B-DKE sp002204705","Low","Thermoplasmatota","",""
"5","SC_Bin_00025",4.22363539312145,5.6686049806586,0,0.625686420512997,0.753476194034979,-Inf,758735,192,4835,44.5107066303815,61.8421052631579,2.63157894736842,"Archaea","Micrarchaeota","Micrarchaeia","Micrarchaeales","Micrarchaeaceae","Micrarchaeum","Micrarchaeum acidiphilum","Low","Micrarchaeota","",""
"6","SC_Bin_00026",12.2665715506119,24.812379178391,0,1.08872319641001,1.39466840935512,-Inf,227091,8,49833,30.6744802775184,59.1549295774648,0,"","","","","","","","Low",NA,"",""
"7","SC_Bin_00027",10.5161369601545,0.0206582228556838,0,1.02185623363934,-1.68490704182737,-Inf,1359023,896,1499,71.6140179533311,54.9295774647887,5.63380281690141,"Bacteria","Actinobacteriota","Actinomycetia","Actinomycetales","Dermatophilaceae","Janibacter","Janibacter hoylei","Low","Actinobacteriota","",""
"8","SC_Bin_00028",10.9112936987543,0.0619307673433207,0.0119089298870562,1.03787624581485,-1.2080935389004,-1.92412726160928,3093309,1570,2058,32.2133966278717,84.5070422535211,36.6197183098592,"Bacteria","Firmicutes","Bacilli","Staphylococcales","Staphylococcaceae","Staphylococcus","Staphylococcus epidermidis","Low","Firmicutes","",""
"9","SC_Bin_00029",17.5031949398885,72.4716608045755,0.0691141012965657,1.24311732972163,1.86016821398832,-1.16043333481836,2162482,1126,1955,41.187864581985,54.9295774647887,18.3098591549296,"Bacteria","Firmicutes","Bacilli","Lactobacillales","Streptococcaceae","Streptococcus","","Low","Firmicutes","",""
"10","SC_Bin_00030",142.914342035443,169.034035875554,16.1561022209163,2.15507581419549,2.22797416085429,1.20833659232164,1368174,98,23243,64.7428534987318,0,0,"Bacteria","Actinobacteriota","Actinomycetia","Mycobacteriales","Mycobacteriaceae","Mycobacterium","","Low","Actinobacteriota","Mycobacterium",""
"11","SC_Bin_00031",11.0631279993866,23.9185584714902,0,1.04387793716822,1.37873500195758,-Inf,691183,52,19420,29.8998683351276,0,0,"","","","","","","","Low",NA,"",""
"12","SC_Bin_00032",3.95024745723082,3.36787732356494,0,0.596624302194474,0.52735626374533,-Inf,256610,134,2024,44.709540942654,0,0,"Archaea","Micrarchaeota","Micrarchaeia","Micrarchaeales","Micrarchaeaceae","Micrarchaeum","Micrarchaeum acidiphilum","Low","Micrarchaeota","",""
"13","SC_Bin_00033",1.86591893287254,3.78839203868969,0,0.270892771366047,0.578454915270439,-Inf,189818,105,1866,44.9796608681409,0,0,"","","","","","","","Low",NA,"",""
"14","SC_MAG_00001",45.483493379709,0.0269873475148705,0.000210034613704338,1.65785381347538,-1.56883979852107,-3.6777091276373,2856672,56,78844,70.0224314207141,100,0,"Bacteria","Proteobacteria","Alphaproteobacteria","Rhodobacterales","Rhodobacteraceae","Paracoccus","Paracoccus aeridis","High","Proteobacteria","",""
"15","SC_MAG_00002",86.1873460156109,207.656943439844,0.0249012204490249,1.93544350759963,2.31734645722386,-1.60377936690877,1960426,142,285406,49.6467542142759,100,0,"Bacteria","Actinobacteriota","Actinomycetia","Mycobacteriales","Mycobacteriaceae","Lawsonella","Lawsonella clevelandensis","High","Actinobacteriota","Lawsonella",""
"16","SC_MAG_00003",18.741758057956,0.0369480965457449,0.00110737704596561,1.27281032716315,-1.43240793023188,-2.95570448291348,4334567,460,13808,50.4640736478784,100,0,"Bacteria","Proteobacteria","Gammaproteobacteria","Enterobacterales","Enterobacteriaceae","","","High","Proteobacteria","",""
"17","SC_MAG_00004",68.3577160400494,2208.09344409836,0.118162901778836,1.83478754369507,3.34401744831331,-0.927518852402759,3472215,479,13420,52.0880366096807,98.5915492957746,0,"Bacteria","Proteobacteria","Gammaproteobacteria","Acidithiobacillales","Acidithiobacillaceae","Acidithiobacillus","Acidithiobacillus thiooxidans","High","Proteobacteria","Acidithiobacillus",""
"18","SC_MAG_00005",228.397729963306,0.81179747230292,0.0433862403990454,2.35869178315827,-0.0905523052811168,-1.36264798169126,2833963,118,119523,60.0781718814238,98.5915492957746,1.40845070422535,"Bacteria","Actinobacteriota","Actinomycetia","Propionibacteriales","Propionibacteriaceae","Cutibacterium","Cutibacterium acnes","High","Actinobacteriota","Cutibacterium",""
"19","SC_MAG_00006",630.720658526023,741.201919830597,0.0785384834922839,2.79983705603997,2.86993653553994,-1.10491748882179,2221446,207,23015,29.1079712523,97.3684210526316,1.31578947368421,"Archaea","Thermoplasmatota","Thermoplasmata","Thermoplasmatales","Thermoplasmataceae","Ferroplasma","","High","Thermoplasmatota","Ferroplasma","Ferroplasma MAG6"
"20","SC_MAG_00007",3.7645535984682,60.4687052638461,0,0.575713484861799,1.78153066973399,-Inf,2661438,164,30326,67.1295742376194,97.1830985915493,1.40845070422535,"Bacteria","Actinobacteriota","Acidimicrobiia","Acidimicrobiales","RAAP-2","PALSA-457","PALSA-457 sp003161575","High","Actinobacteriota","",""
"21","SC_MAG_00008",6938.6576684995,9135.98323023564,0.10815198509544,3.84127546129788,3.96075529372327,-0.965965504814036,1873789,189,17962,36.0900709197635,96.0526315789474,1.31578947368421,"Archaea","Thermoplasmatota","Thermoplasmata","Thermoplasmatales","Thermoplasmataceae","Ferroplasma","","High","Thermoplasmatota","Ferroplasma","Ferroplasma MAG8"
"22","SC_MAG_00009",0.32724958965564,7.11878507534979,0,-0.485120889346811,0.852405881264206,-Inf,3340487,1096,3835,64.4195355813564,94.3661971830986,1.40845070422535,"Bacteria","Proteobacteria","Alphaproteobacteria","Acetobacterales","Acetobacteraceae","Acidiphilium","Acidiphilium rubrum","High","Proteobacteria","",""
"23","SC_MAG_00010",13.4902908593317,71.3782639765812,0.00248329508817508,1.1300213134407,1.85356598107327,-2.60497167047704,1988487,45,60327,55.9206467342132,92.9577464788732,0,"Bacteria","Actinobacteriota","Acidimicrobiia","Acidimicrobiales","Acidimicrobiaceae","Ferrimicrobium","Ferrimicrobium acidiphilum","High","Actinobacteriota","",""
"24","SC_MAG_00011",107.421838894986,246.630756988176,0.0649726841942345,2.0310925825499,2.39204723591465,-1.18726919100492,2807349,376,15541,43.9046248761948,96.0526315789474,3.94736842105263,"","","","","","","","High",NA,"",""
"25","SC_MAG_00012",1.43265152902117,9.60928905169456,0,0.156140567628894,0.982691257351416,-Inf,3249955,678,7982,62.0106436560146,94.3661971830986,2.8169014084507,"Bacteria","Actinobacteriota","Acidimicrobiia","Acidimicrobiales","Bog-793","Palsa-601","Palsa-601 sp003136185","High","Actinobacteriota","",""
"26","SC_MAG_00013",8.19654646214737,294.562787193041,0.000253134187979979,0.913630905022444,2.46917788053267,-3.59664919562264,7110853,724,13606,50.4768499640242,95.7746478873239,4.22535211267606,"Bacteria","Proteobacteria","Gammaproteobacteria","Acidithiobacillales","Acidithiobacillaceae","Acidithiobacillus","Acidithiobacillus thiooxidans","High","Proteobacteria","Acidithiobacillus",""
"27","SC_MAG_00014",2.66434514335023,24.2238935657522,0.0237139875278092,0.425590483314822,1.38424394963355,-1.62499541288317,6002955,530,23646,54.6125628516471,97.1830985915493,7.04225352112676,"Bacteria","Firmicutes","Sulfobacillia","Sulfobacillales","Sulfobacillaceae","Sulfobacillus","Sulfobacillus thermotolerans","High","Firmicutes","",""
"28","SC_MAG_00015",22.4463103239075,0.0561201659122593,0.00290432507787894,1.35114496281552,-1.2508810537044,-2.53695477515249,1859296,321,6622,73.616340435213,94.3661971830986,4.22535211267606,"Bacteria","Actinobacteriota","Actinomycetia","Actinomycetales","Micrococcaceae","Micrococcus","Micrococcus luteus","High","Actinobacteriota","",""
"29","SC_MAG_00016",1297.32431737612,1839.56951180966,236.314060871929,3.11304855869006,3.26471620316197,2.3734895632634,4694972,243,32312,65.4762469402017,94.3661971830986,5.63380281690141,"Bacteria","Actinobacteriota","Actinomycetia","Mycobacteriales","Mycobacteriaceae","Mycobacterium","","High","Actinobacteriota","Mycobacterium","C. M. methanotrophicum"
"30","SC_MAG_00017",16.2170793894365,0.0349429042912903,0.000260969187368047,1.20997264276902,-1.45664100132039,-3.58341076678429,2299122,262,11512,56.2041142733124,90.1408450704225,2.8169014084507,"Bacteria","Actinobacteriota","Actinomycetia","Mycobacteriales","Mycobacteriaceae","Corynebacterium","Corynebacterium propinquum","High","Actinobacteriota","",""
"31","SC_MAG_00018",253.135159890611,351.740056634062,0.746346840122079,2.40335247185111,2.54622182917716,-0.127059301555003,2206446,139,48010,39.3133785507722,89.4736842105263,5.26315789473684,"Archaea","Thermoplasmatota","Thermoplasmata","Thermoplasmatales","Thermoplasmataceae","Cuniculiplasma","Cuniculiplasma divulgatum","High","Thermoplasmatota","Cuniculiplasma",""
"32","SC_MAG_00019",378.428179067212,299.464190477455,7.3964005511909,2.57798346799863,2.47634489748379,0.869020422289938,4668437,304,37013,62.7696936486442,83.0985915492958,4.22535211267606,"Bacteria","Actinobacteriota","Actinomycetia","Mycobacteriales","Mycobacteriaceae","Mycobacterium","","High","Actinobacteriota","Mycobacterium",""
"33","SC_MAG_00020",3.75858222219997,8.59053579743743,0,0.575024055249177,0.934020251912,-Inf,998605,198,7528,25.939452320964,83.0985915492958,5.63380281690141,"Bacteria","Dependentiae","Babeliae","Babeliales","Babeliaceae","Babela","Babela massiliensis","High","Dependentiae","",""
